{
  "version": "v4",
  "currency": "VND",
  "remoteMultiplier": 1.2,
  "bands": [
    {
      "fromKg": 0,
      "toKg": 5,
      "tier": "BASE_UPTO_5KG",
      "mode": "BASE"
    },
    {
      "fromKg": 5,
      "toKg": 30,
      "tier": "RATE_5_30",
      "mode": "INCREMENT"
    },
    {
      "fromKg": 30,
      "toKg": 100,
      "tier": "RATE_30_100",
      "mode": "INCREMENT"
    },
    {
      "fromKg": 100,
      "toKg": 200,
      "tier": "RATE_100_200",
      "mode": "INCREMENT"
    },
    {
      "fromKg": 200,
      "toKg": 500,
      "tier": "RATE_200_500",
      "mode": "INCREMENT"
    }
  ],
  "rates": {
    "BASE_UPTO_5KG": {
      "NOI_TINH": 35400,
      "NOI_VUNG": 41200,
      "CAN_VUNG": 50000,
      "CACH_VUNG": 65900
    },
    "RATE_5_30": {
      "NOI_TINH": 3600,
      "NOI_VUNG": 4300,
      "CAN_VUNG": 5400,
      "CACH_VUNG": 7400
    },
    "RATE_30_100": {
      "NOI_TINH": 3200,
      "NOI_VUNG": 3900,
      "CAN_VUNG": 5000,
      "CACH_VUNG": 7000
    },
    "RATE_100_200": {
      "NOI_TINH": 3000,
      "NOI_VUNG": 3700,
      "CAN_VUNG": 4800,
      "CACH_VUNG": 6800
    },
    "RATE_200_500": {
      "NOI_TINH": 3000,
      "NOI_VUNG": 3700,
      "CAN_VUNG": 4800,
      "CACH_VUNG": 6800
    }
  },
  "notes": "Parsed from pricing_hoa_toc_ems_v4.xlsx (EMS_PRICE). Increments are per 1kg (ceil)."
}